module	original	current	A	B	C	D
tests/test_acquisition_bounds.py	35	35	32	3	0	0
tests/test_acquisition_fetcher.py	10	10	10	0	0	0
tests/test_acquisition_live.py	1	1	0	0	0	1
tests/test_acquisition_performance.py	20	20	20	0	0	0
tests/test_acquisition_plan.py	21	21	21	0	0	0
tests/test_acquisition_verifier.py	6	6	6	0	0	0
tests/test_adapt_rejections.py	15	15	15	0	0	0
tests/test_artifact_identity.py	78	78	76	2	0	0
tests/test_artifacts.py	11	11	11	0	0	0
tests/test_attention_and_masks.py	12	12	12	0	0	0
tests/test_checkpoint.py	6	6	6	0	0	0
tests/test_cleaning_filters.py	7	7	7	0	0	0
tests/test_cleaning_html.py	4	4	4	0	0	0
tests/test_cleaning_normalization.py	4	4	4	0	0	0
tests/test_cleaning_pipeline.py	5	5	5	0	0	0
tests/test_cleaning_repetition.py	42	42	42	0	0	0
tests/test_cleaning_scale.py	11	11	11	0	0	0
tests/test_cleaning_scheduler_v2.py	4	4	3	1	0	0
tests/test_cleaning_structured.py	5	5	5	0	0	0
tests/test_cleaning_throughput.py	28	28	18	6	4	0
tests/test_cleaning_v2_exact.py	10	10	10	0	0	0
tests/test_cli.py	6	6	6	0	0	0
tests/test_cli_eval_gen.py	2	2	0	2	0	0
tests/test_cli_inventory.py	94	94	94	0	0	0
tests/test_cli_pool_freeze.py	8	8	8	0	0	0
tests/test_cli_train_demo.py	3	3	1	2	0	0
tests/test_common_pile_live_certification.py	5	5	5	0	0	0
tests/test_comparison.py	47	47	47	0	0	0
tests/test_config.py	12	12	12	0	0	0
tests/test_configurable_training.py	11	11	10	1	0	0
tests/test_configurable_workflow.py	2	2	0	2	0	0
tests/test_continuation.py	1	1	1	0	0	0
tests/test_continuation_p05.py	1	1	0	1	0	0
tests/test_contracts.py	7	7	7	0	0	0
tests/test_cuda.py	1	1	0	0	0	1
tests/test_cuda_execution.py	22	22	13	0	0	9
tests/test_dashboard.py	5	5	5	0	0	0
tests/test_data_adapters.py	6	6	6	0	0	0
tests/test_data_catalog.py	5	5	5	0	0	0
tests/test_dedup_engine.py	20	20	20	0	0	0
tests/test_dedup_lineage.py	6	6	6	0	0	0
tests/test_dedup_small_oracles.py	0	5	4	1	0	0
tests/test_dedup_throughput.py	18	18	5	3	9	1
tests/test_doctor.py	5	5	5	0	0	0
tests/test_essential_web_live_certification.py	8	8	8	0	0	0
tests/test_eval_coverage.py	18	18	18	0	0	0
tests/test_eval_declared_inputs.py	39	39	0	0	0	39
tests/test_eval_inputs.py	28	28	28	0	0	0
tests/test_eval_suites.py	29	29	28	0	0	1
tests/test_evaluation_fixtures.py	6	6	6	0	0	0
tests/test_exclusion_benchmark.py	10	10	10	0	0	0
tests/test_exclusion_receipt.py	22	22	22	0	0	0
tests/test_experiment_plans.py	19	19	19	0	0	0
tests/test_experiment_profile.py	20	20	20	0	0	0
tests/test_export.py	20	20	20	0	0	0
tests/test_export_aliases.py	24	24	24	0	0	0
tests/test_final_acceptance.py	12	12	11	1	0	0
tests/test_finepdfs_live_schema.py	23	23	23	0	0	0
tests/test_frozen_execution.py	15	16	2	13	0	1
tests/test_frozen_recovery.py	1	1	0	1	0	0
tests/test_generation.py	6	6	6	0	0	0
tests/test_harness_adapter.py	14	14	0	0	0	14
tests/test_hf_range_transport.py	12	12	12	0	0	0
tests/test_imports.py	2	2	2	0	0	0
tests/test_ledger.py	5	5	5	0	0	0
tests/test_likelihood.py	8	8	8	0	0	0
tests/test_mix01_views.py	40	40	40	0	0	0
tests/test_mixture_planning.py	31	31	31	0	0	0
tests/test_mixture_stream.py	22	22	22	0	0	0
tests/test_models.py	15	15	15	0	0	0
tests/test_objectives.py	10	10	10	0	0	0
tests/test_offline_workflow.py	4	4	2	2	0	0
tests/test_operator.py	22	22	22	0	0	0
tests/test_optimizers.py	5	5	5	0	0	0
tests/test_p26_streaming.py	10	10	9	0	1	0
tests/test_packing_lookup.py	8	8	8	0	0	0
tests/test_packing_scheduling.py	23	23	23	0	0	0
tests/test_parallel_tokens.py	8	8	7	1	0	0
tests/test_paths.py	4	4	4	0	0	0
tests/test_performance_cleaning.py	2	2	2	0	0	0
tests/test_performance_splits.py	1	1	1	0	0	0
tests/test_performance_tokenization.py	17	17	17	0	0	0
tests/test_pii_example_domains.py	13	13	13	0	0	0
tests/test_pool_freeze_regime.py	43	43	43	0	0	0
tests/test_pool_splits.py	14	14	14	0	0	0
tests/test_pool_views.py	14	14	14	0	0	0
tests/test_prepare.py	14	14	11	3	0	0
tests/test_prepare_bounds.py	17	17	9	8	0	0
tests/test_production_ingest.py	17	17	17	0	0	0
tests/test_queue.py	19	19	8	11	0	0
tests/test_recipes.py	9	9	9	0	0	0
tests/test_registry.py	2	2	2	0	0	0
tests/test_reports.py	18	18	17	1	0	0
tests/test_research.py	22	22	22	0	0	0
tests/test_rowgroup_sampling.py	24	24	24	0	0	0
tests/test_sampling_trace.py	6	6	6	0	0	0
tests/test_schedules.py	7	7	7	0	0	0
tests/test_selected_record_concurrency.py	23	23	23	0	0	0
tests/test_semantic_neighbors.py	13	13	11	0	0	2
tests/test_sharded_datasets.py	17	17	12	3	2	0
tests/test_simple_stories_live_certification.py	10	10	10	0	0	0
tests/test_source_admission.py	10	10	9	0	0	1
tests/test_source_discovery.py	22	22	22	0	0	0
tests/test_source_doc_ids.py	10	10	10	0	0	0
tests/test_synth_live_certification.py	10	10	10	0	0	0
tests/test_token_batches.py	7	7	7	0	0	0
tests/test_token_map_cache.py	6	6	6	0	0	0
tests/test_token_publication.py	9	9	9	0	0	0
tests/test_token_shards.py	2	2	2	0	0	0
tests/test_tokenizer_fit_stream.py	4	4	4	0	0	0
tests/test_tokenizer_regime.py	48	48	48	0	0	0
tests/test_tokenizers.py	9	9	9	0	0	0
tests/test_trainer.py	4	4	4	0	0	0
tests/test_trainer_data.py	7	7	7	0	0	0
tests/test_trainer_mixture.py	6	6	6	0	0	0
tests/test_training_resolution.py	18	18	18	0	0	0
tests/test_training_vocabulary.py	1	1	1	0	0	0
tests/test_wiki_rewrite_live_certification.py	7	7	7	0	0	0
