repository@commit	path	bytes	sha256
r-three/common-pile@9457f04a14cb2355ab00023420369d46ffd4a395	README.md	2023	ed568e8ca203c6528fb5abe7267f4726359b6ace1992a952a992c03e81ac6691
r-three/common-pile@9457f04a14cb2355ab00023420369d46ffd4a395	filtering/README.md	2174	21b6d4fb27b5b986ab16cda8ab796bbfe1bac3091fbf089c29a5d68ff718dda5
r-three/common-pile@9457f04a14cb2355ab00023420369d46ffd4a395	common_pile/licenses.py	4846	8b1de58f3737828e5cc41133abd83cc3bf67f7dcee9fd616ae936676d3800ac9
r-three/common-pile@9457f04a14cb2355ab00023420369d46ffd4a395	sources/libretexts/README.md	599	ebbb0d41e58f652fa7ac41f92fa9cf4d8ece8db88625f3a8290edb427f5e8bce
r-three/common-pile@9457f04a14cb2355ab00023420369d46ffd4a395	sources/libretexts/scrape_section_contents.py	653	967dd52b0b36000ec43deccc0f4e6046d69d8b16dff61bc77194f466d7ec8faa
r-three/common-pile@9457f04a14cb2355ab00023420369d46ffd4a395	sources/libretexts/to_dolma.py	3907	28b05f08c6905da9e16688dfad4aed8156eb8b3a9df905e07cb2e44f10689283
r-three/common-pile@9457f04a14cb2355ab00023420369d46ffd4a395	sources/pressbooks/README.md	591	ba404b9d2bc93279faa22126ede8c10a1d145edc1e48403204787bacdfedb80b
r-three/common-pile@9457f04a14cb2355ab00023420369d46ffd4a395	sources/pressbooks/process_search_results.py	3220	e57ee73b749983a0f1fac234bd4bc63625fa6c05e4204cdd0ad0ffa7faeb2a94
r-three/common-pile@9457f04a14cb2355ab00023420369d46ffd4a395	sources/pressbooks/scrape_search_results.py	4163	c6ff7541dd48cf71c0b22e358914e0d36c8df6d63bcfc56d30e5c5120a306d56
r-three/common-pile@9457f04a14cb2355ab00023420369d46ffd4a395	sources/oercommons/README.md	798	3993b4f51a24aee04d36ddc057f6a388f18ca409480f035b9baabb55e484c679
r-three/common-pile@9457f04a14cb2355ab00023420369d46ffd4a395	sources/oercommons/collect_search_results.py	1755	b398ae62cc296ea8a408685c5d4954f0a3dacc93ae935334de1dbdbcd0feadca
r-three/common-pile@9457f04a14cb2355ab00023420369d46ffd4a395	sources/news/README.md	953	01d12d62d15d4067465f1f7598e27e2c50a5e2291e54b82e9918e5cb23fe0718
r-three/common-pile@9457f04a14cb2355ab00023420369d46ffd4a395	sources/news/build_index.py	1415	1ee68da080dd24febb99500018efc7550d56735236ac24752ba144b76c85e7c8
r-three/common-pile@9457f04a14cb2355ab00023420369d46ffd4a395	sources/news/utils.py	6787	23a7e75200519b13f2743350cbcb9cb880845afe213273dc43842c03423806b7
r-three/common-pile@9457f04a14cb2355ab00023420369d46ffd4a395	sources/doab/README.md	1582	bad982d85a4387c09d2b78af7d884bace4d58ee279e758c8ee7b9e1bc618cee2
r-three/common-pile@9457f04a14cb2355ab00023420369d46ffd4a395	sources/doab/cc_filter.py	3195	8037fc260320ea002bfc0e920491f92b3a1d2a3f4838405264b8f367f6908fe7
r-three/common-pile@9457f04a14cb2355ab00023420369d46ffd4a395	sources/public_domain_review/README.md	739	1b246ace47d0bf6fe0b7aa9e4f9d09562fa026cbbc19ae53fb8514f70812e937
r-three/common-pile@9457f04a14cb2355ab00023420369d46ffd4a395	sources/public_domain_review/scrape.py	7521	2755775b281abafa102370e68a377eeacd66b31db774b01e812737d9c6eb591e
r-three/common-pile@9457f04a14cb2355ab00023420369d46ffd4a395	sources/food/README.md	1522	39ecb274f4447896f51bfa5c407112378e4a1707c679b32ff3baf2f4084d7171
r-three/common-pile@9457f04a14cb2355ab00023420369d46ffd4a395	sources/gutenberg/README.md	2792	4b8f58bc288ce6b1a7b740cc2f2de66ac447cf1102dcbe875dce31df494cd850
r-three/common-pile@9457f04a14cb2355ab00023420369d46ffd4a395	sources/gutenberg/possible-rights.py	1036	8443b58d1cf272f68a8be985803fb6f814a9deb56abb2a458656128af857a804
r-three/common-pile@9457f04a14cb2355ab00023420369d46ffd4a395	sources/gutenberg/build-index.py	2821	ab8f4232eaf464fe6ef29bddee42bd9c9cb367f3bb853e4750f53132a5fe1419
r-three/common-pile@9457f04a14cb2355ab00023420369d46ffd4a395	sources/loc_books/README.md	7527	f12710a3501547b833f42fa335ecf02d5b43bb4073334256ba95ab61053d05cb
r-three/common-pile@9457f04a14cb2355ab00023420369d46ffd4a395	sources/loc_books/metadata.py	8620	5b4cc55b82d4c6b10ca2e144441e10843070a59a445659fcab70b83e9ca5f85d
r-three/common-pile@9457f04a14cb2355ab00023420369d46ffd4a395	sources/bhl/README.md	1042	566b0a99ae513f8067c89e660cda319e04b49f6d5f7ba5f9f886fc1a4173d8f5
r-three/common-pile@9457f04a14cb2355ab00023420369d46ffd4a395	sources/bhl/license_whitelist.json	7953	506fe148aa0cbfb16dae59454eca2c0ad53454e47b9b75ffd442fbfd2831761e
r-three/common-pile@9457f04a14cb2355ab00023420369d46ffd4a395	sources/pressbooks/to_dolma.py	2390	d126042eb35469e77f013246486d678e055496eed771b3ca005a1360cacbf514
r-three/common-pile@9457f04a14cb2355ab00023420369d46ffd4a395	sources/oercommons/to_dolma.py	2692	693fbe3b036293fd067e1bac461b821b4bb8e4645357bed7414364dfe53050cc
nkandpa2/youtube-commons@b370bf95d90bdcb2a0fdee61bb08bc1340b29298	README.md	5510	ee4781a6c157b2a524b7494c5d7db15c2e2b8d9d698563c1e03d32d3e0d155fc
r-three/common-pile@9457f04a14cb2355ab00023420369d46ffd4a395	filtering/mixer_configs/libretexts.json	2092	ac58ad46efc5d3d12e27e8a416fb5f7ce9b0193d1085cf3b138bcd363899ae68
r-three/common-pile@9457f04a14cb2355ab00023420369d46ffd4a395	filtering/mixer_configs/news.json	2115	91e358a6fe9caecea57bc9931feda1604f2931ff8947ecd95b6f15cbaf4f3430
r-three/common-pile@9457f04a14cb2355ab00023420369d46ffd4a395	filtering/mixer_configs/pressbooks.json	2092	77a717b221a4492a2306116dea8559e878c3b738916212c373e3b4d620740683
r-three/common-pile@9457f04a14cb2355ab00023420369d46ffd4a395	filtering/mixer_configs/oercommons.json	2103	5d38f690e77ab03012c958cefd3ecac988e5f03c60c01862e949604d691d6a20
r-three/common-pile@9457f04a14cb2355ab00023420369d46ffd4a395	filtering/mixer_configs/public_domain_review.json	2077	09bb0ed0d5d6fa7a43070dfd3ad127b49da13afedd801a496f4b453a22ac1fdf
r-three/common-pile@9457f04a14cb2355ab00023420369d46ffd4a395	filtering/mixer_configs/doab.json	2074	e3e50befca706bc5cdd30bb014003cc68ab6a3f28636972345ee50003fd1f57b
r-three/common-pile@9457f04a14cb2355ab00023420369d46ffd4a395	filtering/mixer_configs/youtube.json	2303	da6abb5d27c6e3130ab44ad7c70fe900dc53afadc9041b2bd7471af803352d26
r-three/common-pile@9457f04a14cb2355ab00023420369d46ffd4a395	filtering/mixer_configs/project_gutenberg.json	1468	4818f92ab69151e847a54dacdb686a84d499afcca58b5afb4b3cc2467c60ff71
