repository	revision	bytes	sha256
common-pile/arxiv_abstracts	828e35d1000f94579da8850f5f640c138279bdb5	2523	4c2bd136ebe1adf0a99fc9a2f74c4ff40520cad279aa642080fdee904a16e8d1
common-pile/arxiv_abstracts_filtered	dc1ceab4755eb037ec61e49cf1350dab7ceee6e7	2550	e7149380e35eca795b9798484300d297b44353551a99c7825b362e65d3551d13
common-pile/arxiv_papers	963fe980c55b353980653f1a27c1dc0c8a2d7058	2739	ae12938d2321884f6cbf7e1e9d814e2dde7ba229dec388897883e3e45e828477
common-pile/arxiv_papers_filtered	033cf7f53f9b348deec868c1a5a48484f3ee9e52	2581	fb2febb8b48af2707f623d80b9bf9938835d6a4ca27c4883c5279ec7eca10f80
common-pile/biodiversity_heritage_library	ad1bbb00d5df579c0ef0a9dfe46e50e2bb1715b8	2543	296b258561ff73e4273340310419241e4048f084e4b186eec958b31af5f095da
common-pile/biodiversity_heritage_library_filtered	0486ed637d0d7aaff264bc77fe21a7444e0215cd	2470	348eec4490e26810829e549bc6a1622e1434431f3b791ba2d5e1c43d26c4545f
common-pile/caselaw_access_project	3c2cb5080b3a16a04d8d8d07b28eaec7c1ba7a90	2662	ba7eb79bd67984fe3cae3fb1e59f4d826cc45e1481982b55d2162c79c53b960e
common-pile/caselaw_access_project_filtered	50e1961a5ed8fdddcee64c9e66e1338de8953b63	2597	5530a3f010900d1f40fbb48085e5f1b8367984b138a6bd936b5485e8d31afb37
common-pile/cccc	72bd015ff2a77f8701c617096fbb5dc89dd705fe	4136	2f6e2c51f65c09c6bed101f3d70cd82966768879fa17e8f0bc52bf27313346c5
common-pile/cccc_filtered	03a3de5713a0bb23267d26724346508af0f25327	4060	13b727dd5bc1045a502705fa70ada1254586fa19b7ddc2fd987dec89763422ad
common-pile/data_provenance_initiative	1fa084d36c10da862afabcfe6e330fd18fe8cb1d	2595	977445a3462cd813999ef1e527aee8fedb823b1aeaa437cc18acea5af996e792
common-pile/data_provenance_initiative_filtered	8f5afcf585e4618ff12f5b6d49cb5242faf5afbd	2567	7d346513ecccd1a19a7e4a1bc063da22b22d8a5252eba45b3fe10d7f1fdcd262
common-pile/doab	89e7a35935045f2b268a2229347e38f16fbeb729	2841	e53783fa20accbef1901afa9d7e1e01901d90dc5ac8fe3e1699ed4b8fd37e0d2
common-pile/doab_filtered	defb24ca72ef6aba6ce0228b669eec06dcfbffbc	2768	9256cf0007baffbdd93c4002c007b3a424d97c55cd09724bdcd6289ee017a9c7
common-pile/foodista	f84290688956bdb64c90e44636fda1c02f286849	2265	ea365bf28d1cf089d82d6677b3b63b946d7ae47fca2d6dc873ed8308c03dc3b0
common-pile/foodista_filtered	bf2c7aaa2d32be1e7d4d4779a6017407236831de	2086	0a5a9bb9710d2d25a2abd277eb484ccc913ad830ea769d2a8d2d8cb7d189ad65
common-pile/github_archive	60317859e1212d37268e2b55e31acd2aecd4ae52	3267	cea4f2bcae6d7e3af94dc04873ab5b146741f25f7e1baccee6b30bcdca5d8e70
common-pile/github_archive_filtered	52282fe96670254bdc0d44dd718ee7a27210ee85	3075	dc2da795f641da1ef8fe0dc02897fd2ada1d3aa46a55e9643dc0073502268c26
common-pile/library_of_congress	efa378ea3f6feab6f64f407e7555457f0034a985	2504	31ed1f8ef93ec857b6df90616716324fe28bc395a06b5e81aea0ef9ce5b57db4
common-pile/library_of_congress_filtered	56725c7aa1bb320703e22eb5f42903173d5bac3d	2029	f9a7693e3bc632ecca363e212824cd0c4332407bef4165ded573d58a3bb67e0f
common-pile/libretexts	d4ce4b1edf95888b24992db3bbb2ae8e2bf6c22f	2494	d5d9c79c1beb3e9b5ea5906a2879e985cee64031e81a54f73e6a9769fc49e9e4
common-pile/libretexts_filtered	70388bca52b4a93515e14b1d56618fd7944988fd	2413	306cfd058fc6ea87dc8420c99b6c050f14ddf7d8668d3fe6568fc81528258ce4
common-pile/news	13e76bdc8d49ed14d710fac7e3b61186cf74c8d3	3284	d9d4ad1d932c3f8db495d49a31bb339f82575a46635860af2f3601bc4186e2d9
common-pile/news_filtered	59aaa8f104e189e6fb8033f0ed319c5c343a03b1	3133	661b18e133cd1d40e9d37cd08b6ac34136a945fb78ac0f249048b22685a4c110
common-pile/oercommons	9b3305165b01bec541b6a6baaba2b5b8566dfe29	2554	87e66143717daec8005276b48cc2a26279b75554fa7ea62fb32857ff9e57d66a
common-pile/oercommons_filtered	506b6159dadcbc0dc67611cea024eedb04232fb2	2487	7e46c1eec8ab97d69bdcda1e99473828d4cad8296ec71cfbf890ac84705535aa
common-pile/peS2o	2caeba1585aaafa3c965410d80af85b09ed11cd9	5712	fe9ecbdb0583d28ed4589832ac406cf3b35ed7e2b729b939a6c92aa22ac81fe4
common-pile/peS2o_filtered	297747513bfb0ff1fbf61ddad3b03319d0f04597	2864	5a934ff1cd5632aebf8a4b07b9306c3f0476bcf7e37627ff5395524924dd5a1d
common-pile/pre_1929_books	a158135b4765f01d321b5cbe1ff90ebbd354b00f	2293	bdddeb53c66827257adae804a37ca31ce856d23971dfa290a3ac2027b28eb1af
common-pile/pre_1929_books_filtered	23f9d96dbb1db3324bbc9fbfe1f8299cc799c4d1	2216	5dc46c667374fc80389771a03319ff1b00bb25bfa708aad9e5383c5a31f7e9cf
common-pile/pressbooks	29fa162fc78277b160a7010f18086b5189ffb761	2400	a8e1e33b5d871cec24574ff28a67519780b045de03800287e8976698715eb6c3
common-pile/pressbooks_filtered	1a1d3b50d77f834370f8eb4c0d174668dd1676bb	2323	22799fad76ded1bf8a2cbe698528d9dfee4bdb66de25b1964bba9e87c22d7af5
common-pile/project_gutenberg	01dc90a5002f8977c7fb03a372c14bca29c65cf1	2672	71479f60d89c65a73cda7951fb84e8ccd6cd52fb31d4226e4ac4a7326098e651
common-pile/project_gutenberg_filtered	3cdf6879c807f4e4e063f2ceb23bc268d8c29ab7	2599	85a12539597181a9221599bf0139c8ffef39c07ed182d45ed65ff6549e1b547b
common-pile/public_domain_review	e9c7669206b95871601fe4672a484d8215e6fe6f	2033	8e3fb35d2ea42229eaeefec1979da1874b046e7e92f7868821a33ff2a36f7377
common-pile/public_domain_review_filtered	efc7f21259d069a27d6ca3655f74fda969f82b01	1961	357e79da8b4af64ad16b4e9582196406eff06609bca45fad37b02ebddcc50b6a
common-pile/pubmed	648b8cfc93953ca0663a9c96a8d842a91b98fb64	2458	caf2655f895371743c1fa1fa8cd9b52ddad1bea9efba5deea09c85e868a32b8a
common-pile/pubmed_filtered	c156f0569a92d8f2edc33cebe1f72f7d3e1cae84	2387	3147fca34aad7ec41f44044044b3064a2551b5a01d7b4831439064e08be3ff3f
common-pile/python_enhancement_proposals	f932757e3eba16475c893e1418918c77f14a790d	2489	fc30c569c1a60b121ae9d4f229c5380175156e420f0123360d2d1007e6ab24b2
common-pile/python_enhancement_proposals_filtered	582170907dd303c207770fceacd38e6abf133edc	2314	3ff841787a45e048e2c8e5b98a0b0f1de74688354a76dc22dcc7bc487df280b1
common-pile/regulations	d1a63eef07bb893f834742f4738aeb1d545b7e01	2831	7d391983c5a0429ff949f302e98a3256a00ec8bcfcf865a98511fc30df64a0b9
common-pile/regulations_filtered	3327364490dfc7929009226ad667eceb2441d93a	2769	192a1ad33d2fc48eb6fad95340256428a6d39897a60be387760a100372f8ffa7
common-pile/stackexchange	5ec3aa2e65b7c61b7c18f1ff18ccbc4d3279a23c	3396	a4c81d3aa3b62c0f5683ecb9993655f96fa2203ec864bf4361bcb7d15731df29
common-pile/stackexchange_filtered	c0ac7373830c688a43fc12d1988c4b19ccd884ab	3249	3e04e4198a7a2b46ddf9b344c3ddefe3893d3edf14692e86d2ddb6a35b4a6f98
common-pile/stackv2	d0e3266fce12d25de28f2576ffb7272c18b0148f	3937	b4cbb60f5d6fc331366814e7cc139e9a32fad915a629975ce9cb0a7a2be9ce9b
common-pile/stackv2_filtered	NOT_FOUND	-	-
common-pile/stackv2_edu	NOT_FOUND	-	-
common-pile/stackv2_edu_filtered	c354dbe88469a1153e97c6a63ac50591849654de	3818	49a352a903a57d7b4b33b120515df8c2dbd4b55828752e33b58cd628a913e7cd
common-pile/ubuntu_irc	35a9ef530c682965b53d4167e37b32f6a85aa87c	2207	a4d57b783b4d38b67cadd1d0181c101f5065eeb075dacd7f128f08e33b8f34d5
common-pile/ubuntu_irc_filtered	84f88c986584f11d672befab542fa4d5123f3e8f	1953	fecc204b84351947cf5a53f52f6be9f2e4d7296af13e6323ccff8ea9eb83bbbc
common-pile/uk_hansard	05eeb43c6518f0eedbe1594d9683a100aedbce89	4659	06905839a9fdd00a96858a693fb24a047098e7d696689cfbfe4eae2309beca35
common-pile/uk_hansard_filtered	c88adc44309aa255a41b51cef93ba783f775fe23	2506	9b458cc8cb351629c3b22d149ae2a50f491cbaedb609e2fb3f5ad127656d6406
common-pile/usgpo	0b314ed37117654d04c563b7d21b6ae3445a45df	2185	c815630991b9a6e07998d458e9851b1403785a7a52a9cc124227094d231f3526
common-pile/usgpo_filtered	b150cc22211de4d57f1b7f570097a00e65042424	2105	4564dc5e3cd4527f97f6c366d1a532d90d61f7d94a7e50898e6780c9d775c1b5
common-pile/uspto	e8b975381547f026e2ccfe721f785dcb6a2fa9a0	4289	9b1e88274a616200257fb427f8f5f97f5a0f411356fa8a49a725ac78f92f31fc
common-pile/uspto_filtered	13894c5462467c843163693269d9266ec2c772b4	2270	2ed0cec84e7487791879c58bbf265ae7196b35ece82b03c4b379cf1bf260ffbd
common-pile/wikimedia	781b263a6546515543bec3968ad4743fbc152b72	2873	89567cdc66ff89c4f746939d29684dc639ca485024ebab657b173ddb54a79819
common-pile/wikimedia_filtered	0641bb84bd9b7162bcddf8be7836822161a9a342	2784	746ace2252e91ff7f07395cff92d2cee5b309314e881cd82fcae763238cfcadf
common-pile/wikiteam	e6d08fd1565c9b61f52164e572e9b13220ea9e99	3150	05fe31cccc351defb2ee939a0431720ad47d9f5174fa9e144306d6d89541e404
common-pile/wikiteam_filtered	f4ed055b57763a8f12238824140914b9eb098cab	3060	d2fa2c24c172b6c50d581d1de1db5458d597ff771de476e56220bac207d8cf9d
common-pile/youtube	1c521ef383cf87402cb9a7b999d3032d8107c972	2637	d86e69a2a31b309f4c5c127c7d0ecfc8fdead49a9d8d3afab65037d6083d2dad
common-pile/youtube_filtered	dff8c8a54e98bce64c2e7ce9a8466c144c1cddd6	2555	783aec453e2a76c0974dc8bdf8d464b7b096147f4045fb1b4d577c1d68825d65
common-pile/comma_v0.1_training_dataset	5afc546db324e7f39f297ba757c9a60547151e7c	5454	d6460380f9d8cb851105a59e09570d8ddc1d31ca1802537df16f458ee81f2866
