nodeid	setup_seconds	call_seconds	teardown_seconds	total_phase_seconds	outcomes	cost_categories	isolation_audit
tests/test_offline_workflow.py::test_offline_workflow_from_clean_environment	0.002279200009070337	230.47075909998966	0.0005834000185132027	230.47362170001725	setup:passed;call:passed;teardown:passed	environment inventory/hash;subprocess CLI;training fixture;artifact generation	Private explicit home and work/output tree; repository inputs read-only; fresh CLI processes retained.
tests/test_configurable_workflow.py::test_public_two_source_prepare_direct_queue_and_resume[False]	0.0028168000280857086	223.75399070000276	0.00044049997813999653	223.75724800000899	setup:passed;call:passed;teardown:passed	environment inventory/hash;queue/campaign;training fixture;subprocess CLI;model/tokenizer construction;artifact generation	Private authored tree, plugins, source documents, preparation, direct/queue/resume homes; captured A and mutated B both private.
tests/test_cli_eval_gen.py::test_cli_evaluate_and_generate_subprocess	0.0026304000057280064	182.8556077000103	0.0005122000002302229	182.85875030001625	setup:passed;call:passed;teardown:passed	process startup;environment inventory/hash;training fixture;subprocess CLI	Private per-test output/home (demo uses TemporaryDirectory); subprocess boundaries retained; in-process monkeypatches are worker-local.
tests/test_cli_train_demo.py::test_cli_train_and_resume_subprocess	0.0029747000080533326	172.84303059999365	0.0005280000041238964	172.84653330000583	setup:passed;call:passed;teardown:passed	process startup;environment inventory/hash;training fixture;subprocess CLI	Private per-test output/home (demo uses TemporaryDirectory); subprocess boundaries retained; in-process monkeypatches are worker-local.
tests/test_queue.py::test_toy_campaign_runs_sequentially_to_success	0.0020924999844282866	171.01993700000457	0.0003645999822765589	171.02239409997128	setup:passed;call:passed;teardown:passed	environment inventory/hash;frozen execution fixture;queue/campaign;training fixture	Private tree/home/SQLite/lease files per test; real worker processes and cancellation thread are owned and joined.
tests/test_configurable_workflow.py::test_public_two_source_prepare_direct_queue_and_resume[True]	0.002598999999463558	150.5924268999952	0.00031969998963177204	150.59534559998428	setup:passed;call:passed;teardown:passed	environment inventory/hash;queue/campaign;training fixture;subprocess CLI;model/tokenizer construction;artifact generation	Private authored tree, plugins, source documents, preparation, direct/queue/resume homes; captured A and mutated B both private.
tests/test_final_acceptance.py::test_cli_resume_reconstructs_real_settings_and_exact_nonmultiple_budget	0.0021439000265672803	129.2530870999908	0.000501000031363219	129.25573200004874	setup:passed;call:passed;teardown:passed	process startup;environment inventory/hash;training fixture;subprocess CLI	Private per-test output/home (demo uses TemporaryDirectory); subprocess boundaries retained; in-process monkeypatches are worker-local.
tests/test_frozen_execution.py::test_public_queue_and_diagnostic_receipt_keep_separate_provenance	0.002758899994660169	119.62736049998784	0.0003986000083386898	119.63051799999084	setup:passed;call:passed;teardown:passed	environment inventory/hash;frozen execution fixture;queue/campaign;training fixture;subprocess CLI	Private snapshot copies/queues/ledgers; monkeypatches confined to worker process and undone; actual environment/package tests bypass identity reuse.
tests/test_frozen_recovery.py::test_real_crash_preserves_committed_boundary_on_retry	0.0021410000044852495	85.74494390003383	0.00042339996434748173	85.74750830000266	setup:passed;call:passed;teardown:passed	process startup;filesystem durability;sleep/poll timeout	Private journals/locks and owned children only; loopback ports allocated with port 0 where used. Timing assertion remains exclusive.
tests/test_queue.py::test_cancel_stops_a_queued_job_and_a_running_job	0.0029971000039950013	73.91306340001756	0.0004191999905742705	73.91647970001213	setup:passed;call:passed;teardown:passed	environment inventory/hash;frozen execution fixture;queue/campaign;training fixture	Private tree/home/SQLite/lease files per test; real worker processes and cancellation thread are owned and joined.
tests/test_prepare.py::test_full_toy_run_reuses_on_repeat	0.0022591999731957912	69.75811940000858	0.00047559995437040925	69.76085419993615	setup:passed;call:failed;teardown:passed	subprocess CLI;artifact generation;actual algorithm work	Private home, output root, stage state and subprocess accounting; read-only authored source fixtures.
tests/test_configurable_training.py::test_public_cli_executes_registered_objective	0.0029843999654985964	65.34818670002278	0.000554499973077327	65.35172559996136	setup:passed;call:passed;teardown:passed	process startup;environment inventory/hash;training fixture;subprocess CLI	Private per-test output/home (demo uses TemporaryDirectory); subprocess boundaries retained; in-process monkeypatches are worker-local.
tests/test_queue.py::test_changed_live_tree_preserves_frozen_run	0.0026313000125810504	57.229655700037256	0.00043949997052550316	57.23272650002036	setup:passed;call:passed;teardown:passed	environment inventory/hash;frozen execution fixture;queue/campaign;training fixture	Private tree/home/SQLite/lease files per test; real worker processes and cancellation thread are owned and joined.
tests/test_queue.py::test_crash_recovery_requeues_once_when_retries_remain	0.002696199982892722	55.82770520000486	0.0005658000009134412	55.83096719998866	setup:passed;call:passed;teardown:passed	environment inventory/hash;frozen execution fixture;queue/campaign;training fixture	Private tree/home/SQLite/lease files per test; real worker processes and cancellation thread are owned and joined.
tests/test_queue.py::test_failed_jobs_keep_evidence_and_stay_terminal	0.002704499987885356	53.48157420003554	0.00035479996586218476	53.484633499989286	setup:passed;call:passed;teardown:passed	environment inventory/hash;frozen execution fixture;queue/campaign;training fixture	Private tree/home/SQLite/lease files per test; real worker processes and cancellation thread are owned and joined.
tests/test_frozen_execution.py::test_intact_a_executes_after_live_b_and_import_override	0.0020249999943189323	52.93354309996357	0.0003760000108741224	52.935944099968765	setup:passed;call:passed;teardown:passed	environment inventory/hash;frozen execution fixture;queue/campaign;training fixture;subprocess CLI	Private snapshot copies/queues/ledgers; monkeypatches confined to worker process and undone; actual environment/package tests bypass identity reuse.
tests/test_frozen_execution.py::test_real_frozen_worker_trains_and_publishes	0.002757099980954081	50.6687796000042	0.0004335999838076532	50.67197029996896	setup:passed;call:passed;teardown:passed	environment inventory/hash;frozen execution fixture;queue/campaign;training fixture;subprocess CLI	Private snapshot copies/queues/ledgers; monkeypatches confined to worker process and undone; actual environment/package tests bypass identity reuse.
tests/test_frozen_execution.py::test_real_worker_output_bound_and_terminal_failure	0.0021822999697178602	49.421320600027684	0.0006142000202089548	49.42411710001761	setup:passed;call:passed;teardown:passed	environment inventory/hash;frozen execution fixture;queue/campaign;training fixture;subprocess CLI	Private snapshot copies/queues/ledgers; monkeypatches confined to worker process and undone; actual environment/package tests bypass identity reuse.
tests/test_offline_workflow.py::test_prepare_restart_reuses_verified_acquisition	0.002648100024089217	41.4455896000145	0.00041579996468499303	41.448653500003275	setup:passed;call:passed;teardown:passed	environment inventory/hash;subprocess CLI;training fixture;artifact generation	Private explicit home and work/output tree; repository inputs read-only; fresh CLI processes retained.
tests/test_prepare.py::test_partial_outputs_resume_without_redo	0.002743299992289394	39.56604519998655	0.0008034000056795776	39.569591899984516	setup:passed;call:failed;teardown:passed	subprocess CLI;artifact generation;actual algorithm work	Private home, output root, stage state and subprocess accounting; read-only authored source fixtures.
tests/test_queue.py::test_submit_refuses_blocked_plans_and_missing_snapshots	0.0022670000325888395	38.88784769998165	0.0005676000146195292	38.89068230002886	setup:passed;call:passed;teardown:passed	environment inventory/hash;frozen execution fixture;queue/campaign;training fixture	Private tree/home/SQLite/lease files per test; real worker processes and cancellation thread are owned and joined.
tests/test_frozen_execution.py::test_actual_environment_mismatch_fails_in_real_worker	0.003215899982023984	27.182656899967697	0.0004338999860920012	27.186306699935813	setup:passed;call:passed;teardown:passed	environment inventory/hash;frozen execution fixture;queue/campaign;training fixture;subprocess CLI	Private snapshot copies/queues/ledgers; monkeypatches confined to worker process and undone; actual environment/package tests bypass identity reuse.
tests/test_frozen_execution.py::test_worker_rejects_cli_override_outside_frozen_envelope	0.003442999965045601	24.593917999998666	0.0003622999647632241	24.597723299928475	setup:passed;call:passed;teardown:passed	environment inventory/hash;frozen execution fixture;queue/campaign;training fixture;subprocess CLI	Private snapshot copies/queues/ledgers; monkeypatches confined to worker process and undone; actual environment/package tests bypass identity reuse.
tests/test_frozen_execution.py::test_frozen_seed_copies_are_private	19.652350999996997	4.485632499970961	0.0004057000041939318	24.138389199972153	setup:passed;call:passed;teardown:passed	environment inventory/hash;frozen execution fixture;queue/campaign;training fixture;subprocess CLI	Private snapshot copies/queues/ledgers; monkeypatches confined to worker process and undone; actual environment/package tests bypass identity reuse.
tests/test_queue.py::test_crash_without_retries_fails_loudly	0.0024605999933555722	21.97391850000713	0.000527600001078099	21.976906700001564	setup:passed;call:passed;teardown:passed	environment inventory/hash;frozen execution fixture;queue/campaign;training fixture	Private tree/home/SQLite/lease files per test; real worker processes and cancellation thread are owned and joined.
tests/test_queue.py::test_submit_allows_explicit_duplicates	0.0032826000242494047	21.867408999998588	0.0005596000119112432	21.87125120003475	setup:passed;call:passed;teardown:passed	environment inventory/hash;frozen execution fixture;queue/campaign;training fixture	Private tree/home/SQLite/lease files per test; real worker processes and cancellation thread are owned and joined.
tests/test_queue.py::test_submit_deduplicates_identical_plans	0.0024736999766901135	21.265258300001733	0.00037369999336078763	21.268105699971784	setup:passed;call:passed;teardown:passed	environment inventory/hash;frozen execution fixture;queue/campaign;training fixture	Private tree/home/SQLite/lease files per test; real worker processes and cancellation thread are owned and joined.
tests/test_queue.py::test_status_lists_jobs_with_attempts	0.0028170000296086073	20.68941970000742	0.00036669999826699495	20.692603400035296	setup:passed;call:passed;teardown:passed	environment inventory/hash;frozen execution fixture;queue/campaign;training fixture	Private tree/home/SQLite/lease files per test; real worker processes and cancellation thread are owned and joined.
tests/test_queue.py::test_cpu_environment_refuses_cuda_job_without_execution	0.002601300016976893	20.671390999981668	0.00037999998312443495	20.67437229998177	setup:passed;call:passed;teardown:passed	environment inventory/hash;frozen execution fixture;queue/campaign;training fixture	Private tree/home/SQLite/lease files per test; real worker processes and cancellation thread are owned and joined.
tests/test_reports.py::test_cli_runs_list_empty_and_populated	0.0023111000191420317	19.879933100019116	0.0005529000191017985	19.88279710005736	setup:passed;call:passed;teardown:passed	environment inventory/hash;frozen execution fixture;queue/campaign;training fixture	Private tree/home/SQLite/lease files per test; real worker processes and cancellation thread are owned and joined.
tests/test_frozen_execution.py::test_changed_tokenizer_and_real_shard_are_rejected	0.003189199953339994	19.63225019996753	0.00042910000775009394	19.63586849992862	setup:passed;call:passed;teardown:passed	environment inventory/hash;frozen execution fixture;queue/campaign;training fixture;subprocess CLI	Private snapshot copies/queues/ledgers; monkeypatches confined to worker process and undone; actual environment/package tests bypass identity reuse.
tests/test_continuation_p05.py::test_cpu_fresh_process_continuation_parity	0.002154499990865588	10.683396099950187	0.0005216999561525881	10.686072299897205	setup:passed;call:passed;teardown:passed	process startup;environment inventory/hash;training fixture;subprocess CLI	Private per-test output/home (demo uses TemporaryDirectory); subprocess boundaries retained; in-process monkeypatches are worker-local.
tests/test_prepare.py::test_failed_stage_stops_with_reason_and_state	0.002543900045566261	9.78377650002949	0.00036639999598264694	9.786686800071038	setup:passed;call:passed;teardown:passed	subprocess CLI;artifact generation;actual algorithm work	Private home, output root, stage state and subprocess accounting; read-only authored source fixtures.
tests/test_cli_eval_gen.py::test_cli_demo_complete_vertical_slice_subprocess	0.00048160000005736947	8.191144199983682	0.00044219999108463526	8.192067999974824	setup:passed;call:passed;teardown:passed	process startup;environment inventory/hash;training fixture;subprocess CLI	Private per-test output/home (demo uses TemporaryDirectory); subprocess boundaries retained; in-process monkeypatches are worker-local.
tests/test_frozen_execution.py::test_authority_and_recomputed_envelope_fields_are_checked	0.0023385999957099557	7.702957900008187	0.0003798999823629856	7.70567639998626	setup:passed;call:passed;teardown:passed	environment inventory/hash;frozen execution fixture;queue/campaign;training fixture;subprocess CLI	Private snapshot copies/queues/ledgers; monkeypatches confined to worker process and undone; actual environment/package tests bypass identity reuse.
tests/test_cli_train_demo.py::test_cli_demo_subprocess	0.0006050999509170651	7.1891995999612845	0.0004969000001437962	7.190301599912345	setup:passed;call:passed;teardown:passed	process startup;environment inventory/hash;training fixture;subprocess CLI	Private per-test output/home (demo uses TemporaryDirectory); subprocess boundaries retained; in-process monkeypatches are worker-local.
tests/test_frozen_execution.py::test_independent_persisted_bindings_refuse_before_worker	0.001989999960642308	6.085600899998099	0.00037399999564513564	6.087964899954386	setup:passed;call:passed;teardown:passed	environment inventory/hash;frozen execution fixture;queue/campaign;training fixture;subprocess CLI	Private snapshot copies/queues/ledgers; monkeypatches confined to worker process and undone; actual environment/package tests bypass identity reuse.
tests/test_cleaning_scheduler_v2.py::test_dynamic_and_static_shard_manifests_exact	0.0026848000125028193	5.184854899998754	0.000506900018081069	5.188046600029338	setup:passed;call:passed;teardown:passed	process startup;actual algorithm work;artifact generation	Bounded real process pools; private input/output paths; no shared pool. Group caps pool fan-out.
tests/test_dedup_throughput.py::test_cli_dedup_manifest_input_and_errors	0.002571099961642176	4.448031500040088	0.0003524000057950616	4.450955000007525	setup:passed;call:passed;teardown:passed	process startup;actual algorithm work;artifact generation	Bounded real process pools; private input/output paths; no shared pool. Group caps pool fan-out.
tests/test_acquisition_bounds.py::test_selected_private_attempt_resumes_in_new_process	1.6348244000109844	1.9466307000257075	0.2684488999657333	3.849904000002425	setup:passed;call:passed;teardown:passed	process startup;filesystem durability;sleep/poll timeout	Private journals/locks and owned children only; loopback ports allocated with port 0 where used. Timing assertion remains exclusive.
tests/test_dedup_throughput.py::test_cli_dedup_legacy_and_sharded	0.0023355999728664756	3.6951236999593675	0.000554799975361675	3.6980140999075957	setup:passed;call:passed;teardown:passed	process startup;actual algorithm work;artifact generation	Bounded real process pools; private input/output paths; no shared pool. Group caps pool fan-out.
tests/test_cleaning_throughput.py::test_workers_1_2_4_agree	0.0026443999959155917	3.49818429996958	0.00045769999269396067	3.5012863999581896	setup:passed;call:passed;teardown:passed	process startup;actual algorithm work;artifact generation	Bounded real process pools; private input/output paths; no shared pool. Group caps pool fan-out.
tests/test_frozen_execution.py::test_snapshot_damage_rejects_before_worker[missing]	0.0020047000143676996	3.0352032000082545	0.0003714999766089022	3.037579399999231	setup:passed;call:passed;teardown:passed	environment inventory/hash;frozen execution fixture;queue/campaign;training fixture;subprocess CLI	Private snapshot copies/queues/ledgers; monkeypatches confined to worker process and undone; actual environment/package tests bypass identity reuse.
tests/test_frozen_execution.py::test_snapshot_damage_rejects_before_worker[extra]	0.002108899992890656	2.9292417999822646	0.0003567999810911715	2.9317074999562465	setup:passed;call:passed;teardown:passed	environment inventory/hash;frozen execution fixture;queue/campaign;training fixture;subprocess CLI	Private snapshot copies/queues/ledgers; monkeypatches confined to worker process and undone; actual environment/package tests bypass identity reuse.
tests/test_frozen_execution.py::test_snapshot_damage_rejects_before_worker[tamper]	0.002618099970277399	2.908134000026621	0.00038840004708617926	2.9111405000439845	setup:passed;call:passed;teardown:passed	environment inventory/hash;frozen execution fixture;queue/campaign;training fixture;subprocess CLI	Private snapshot copies/queues/ledgers; monkeypatches confined to worker process and undone; actual environment/package tests bypass identity reuse.
tests/test_dedup_small_oracles.py::test_small_lexical_equivalence[workers-layouts]	0.0028092999709770083	2.3733050000155345	0.0003690000157803297	2.376483300002292	setup:passed;call:passed;teardown:passed	process startup;actual algorithm work;artifact generation	Bounded real process pools; private input/output paths; no shared pool. Group caps pool fan-out.
tests/test_cleaning_throughput.py::test_cli_clean_manifest_input_and_errors	0.002154799993149936	2.324144400015939	0.00036919995909556746	2.3266683999681845	setup:passed;call:passed;teardown:passed	process startup;actual algorithm work;artifact generation	Bounded real process pools; private input/output paths; no shared pool. Group caps pool fan-out.
tests/test_acquisition_bounds.py::test_killed_download_resumes_in_a_fresh_process_without_new_allowance	0.0024862000136636198	2.2914504999644123	0.00039499998092651367	2.2943316999590024	setup:passed;call:passed;teardown:passed	process startup;filesystem durability;sleep/poll timeout	Private journals/locks and owned children only; loopback ports allocated with port 0 where used. Timing assertion remains exclusive.
tests/test_cleaning_throughput.py::test_max_docs_matches_reference	0.004413300019223243	2.0957315000123344	0.00046720000682398677	2.1006120000383817	setup:passed;call:passed;teardown:passed	process startup;actual algorithm work;artifact generation	Bounded real process pools; private input/output paths; no shared pool. Group caps pool fan-out.
tests/test_parallel_tokens.py::test_worker_count_and_assembly_bytes_exact	0.002796800050418824	2.0167771000415087	0.0005206000059843063	2.020094500097912	setup:passed;call:passed;teardown:passed	process startup;actual algorithm work;artifact generation	Bounded real process pools; private input/output paths; no shared pool. Group caps pool fan-out.
tests/test_cleaning_throughput.py::test_quarantine_ceiling_aborts_without_publication	0.0027320999652147293	1.4668424000265077	0.0005159999709576368	1.47009049996268	setup:passed;call:passed;teardown:passed	process startup;actual algorithm work;artifact generation	Bounded real process pools; private input/output paths; no shared pool. Group caps pool fan-out.
tests/test_prepare_bounds.py::test_timed_out_child_and_descendant_are_stopped	0.0021589999669231474	1.3519677000003867	0.0006129000103101134	1.35473959997762	setup:passed;call:passed;teardown:passed	process startup;filesystem durability;sleep/poll timeout	Private journals/locks and owned children only; loopback ports allocated with port 0 where used. Timing assertion remains exclusive.
tests/test_cleaning_throughput.py::test_worker_failure_aborts_without_publication	0.0023968000314198434	1.2594793000025675	0.0005160999717190862	1.2623922000057064	setup:passed;call:passed;teardown:passed	process startup;actual algorithm work;artifact generation	Bounded real process pools; private input/output paths; no shared pool. Group caps pool fan-out.
tests/test_dedup_throughput.py::test_worker_failure_aborts_without_publication	0.0019616999779827893	1.1994937999988906	0.0004292000085115433	1.201884699985385	setup:passed;call:passed;teardown:passed	process startup;actual algorithm work;artifact generation	Bounded real process pools; private input/output paths; no shared pool. Group caps pool fan-out.
tests/test_prepare_bounds.py::test_child_output_accounting_covers_write_orders[import os; os.write(2,b'B'*8192); os.write(1,b'A'*8192)]	0.0030140000162646174	0.8878656000015326	0.0005736000020988286	0.891453200019896	setup:passed;call:passed;teardown:passed	process startup;filesystem durability;sleep/poll timeout	Private journals/locks and owned children only; loopback ports allocated with port 0 where used. Timing assertion remains exclusive.
tests/test_prepare_bounds.py::test_child_output_accounting_covers_write_orders[import os; os.write(1,b'A'*8192)]	0.002620499988552183	0.8741736999945715	0.00041529996087774634	0.8772094999440014	setup:passed;call:passed;teardown:passed	process startup;filesystem durability;sleep/poll timeout	Private journals/locks and owned children only; loopback ports allocated with port 0 where used. Timing assertion remains exclusive.
tests/test_prepare_bounds.py::test_child_output_accounting_covers_write_orders[import os; [(os.write(1,b'A'*512), os.write(2,b'B'*512)) for _ in range(16)]]	0.0029089999734424055	0.8507071000058204	0.00036420003743842244	0.8539803000167012	setup:passed;call:passed;teardown:passed	process startup;filesystem durability;sleep/poll timeout	Private journals/locks and owned children only; loopback ports allocated with port 0 where used. Timing assertion remains exclusive.
tests/test_acquisition_bounds.py::test_fresh_process_reservations_and_killed_owner_remain_spent	0.008518299960996956	0.7960781999863684	0.0005087000317871571	0.8051051999791525	setup:passed;call:passed;teardown:passed	process startup;filesystem durability;sleep/poll timeout	Private journals/locks and owned children only; loopback ports allocated with port 0 where used. Timing assertion remains exclusive.
tests/test_prepare_bounds.py::test_child_output_accounting_covers_write_orders[import os; os.write(1,b'A'*8192); os.write(2,b'B'*8192)]	0.0024867000174708664	0.8019600000116043	0.0004191999905742705	0.8048659000196494	setup:passed;call:passed;teardown:passed	process startup;filesystem durability;sleep/poll timeout	Private journals/locks and owned children only; loopback ports allocated with port 0 where used. Timing assertion remains exclusive.
tests/test_prepare_bounds.py::test_child_output_tiny_allowance_over_real_pipes	0.004218499991111457	0.7958199999993667	0.0003698999644257128	0.8004083999549039	setup:passed;call:passed;teardown:passed	process startup;filesystem durability;sleep/poll timeout	Private journals/locks and owned children only; loopback ports allocated with port 0 where used. Timing assertion remains exclusive.
tests/test_prepare_bounds.py::test_child_stdout_and_stderr_are_bounded_and_accounted	0.002149100007954985	0.7875385999795981	0.00037319998955354095	0.7900608999771066	setup:passed;call:passed;teardown:passed	process startup;filesystem durability;sleep/poll timeout	Private journals/locks and owned children only; loopback ports allocated with port 0 where used. Timing assertion remains exclusive.
tests/test_prepare_bounds.py::test_child_output_categorizes_every_returned_byte_under_tiny_allowance	0.002233400009572506	0.7865755999810062	0.0012103999615646899	0.7900193999521434	setup:passed;call:passed;teardown:passed	process startup;filesystem durability;sleep/poll timeout	Private journals/locks and owned children only; loopback ports allocated with port 0 where used. Timing assertion remains exclusive.
tests/test_cleaning_throughput.py::test_cli_clean_legacy_and_sharded	0.002784100011922419	0.7820748999947682	0.0009198999614454806	0.7857788999681361	setup:passed;call:passed;teardown:passed	process startup;actual algorithm work;artifact generation	Bounded real process pools; private input/output paths; no shared pool. Group caps pool fan-out.
tests/test_artifact_identity.py::test_fresh_process_publishers_have_one_permitted_outcome[True]	0.0031417999998666346	0.643354800005909	0.00034960004268214107	0.6468462000484578	setup:passed;call:passed;teardown:passed	process startup;filesystem durability;sleep/poll timeout	Private journals/locks and owned children only; loopback ports allocated with port 0 where used. Timing assertion remains exclusive.
tests/test_artifact_identity.py::test_fresh_process_publishers_have_one_permitted_outcome[False]	0.002700100012589246	0.6120510000037029	0.0005399000365287066	0.6152910000528209	setup:passed;call:passed;teardown:passed	process startup;filesystem durability;sleep/poll timeout	Private journals/locks and owned children only; loopback ports allocated with port 0 where used. Timing assertion remains exclusive.
tests/test_sharded_datasets.py::test_crash_after_rolls_before_manifest_rerun_identical	0.0031974000157788396	0.10539499996230006	0.0005520000122487545	0.10914439999032766	setup:passed;call:passed;teardown:passed	process startup;filesystem durability;sleep/poll timeout	Private journals/locks and owned children only; loopback ports allocated with port 0 where used. Timing assertion remains exclusive.
tests/test_sharded_datasets.py::test_crash_mid_shard_leaves_no_manifest	0.003291299974080175	0.04971350001869723	0.000548599986359477	0.053553399979136884	setup:passed;call:passed;teardown:passed	process startup;filesystem durability;sleep/poll timeout	Private journals/locks and owned children only; loopback ports allocated with port 0 where used. Timing assertion remains exclusive.
tests/test_sharded_datasets.py::test_corrupt_shard_blocks_manifest	0.00269799999659881	0.01940920000197366	0.0009652000153437257	0.023072400013916194	setup:passed;call:passed;teardown:passed	process startup;filesystem durability;sleep/poll timeout	Private journals/locks and owned children only; loopback ports allocated with port 0 where used. Timing assertion remains exclusive.
