nodeid	tier	group	exclusive	cost_categories	isolation_reason	before-optional	before-serial	cache-focused	cache-focused-v2	failure-diagnostic	final-core	final-exclusive	final-fast	final-heavy	final-optional	final-scale	fresh-option	prepare-oracle	risky-1	risky-2	risky-3	risky-4
tests/test_acquisition_bounds.py::test_fresh_process_reservations_and_killed_owner_remain_spent	serial_core	p30b-owned-recovery	False	process startup;filesystem durability;sleep/poll timeout	Private journals/locks and owned children only; loopback ports allocated with port 0 where used. Timing assertion remains exclusive.	NOT RUN	PASSED	NOT RUN	NOT RUN	NOT RUN	PASSED	NOT RUN	NOT RUN	NOT RUN	NOT RUN	NOT RUN	NOT RUN	NOT RUN	NOT RUN	NOT RUN	NOT RUN	NOT RUN
tests/test_acquisition_bounds.py::test_killed_download_resumes_in_a_fresh_process_without_new_allowance	serial_core	p30b-owned-recovery	False	process startup;filesystem durability;sleep/poll timeout	Private journals/locks and owned children only; loopback ports allocated with port 0 where used. Timing assertion remains exclusive.	NOT RUN	PASSED	NOT RUN	NOT RUN	NOT RUN	PASSED	NOT RUN	NOT RUN	NOT RUN	NOT RUN	NOT RUN	NOT RUN	NOT RUN	PASSED	PASSED	PASSED	PASSED
tests/test_acquisition_bounds.py::test_selected_private_attempt_resumes_in_new_process	serial_core	p30b-owned-recovery	False	process startup;filesystem durability;sleep/poll timeout	Private journals/locks and owned children only; loopback ports allocated with port 0 where used. Timing assertion remains exclusive.	NOT RUN	PASSED	NOT RUN	NOT RUN	NOT RUN	PASSED	NOT RUN	NOT RUN	NOT RUN	NOT RUN	NOT RUN	NOT RUN	NOT RUN	NOT RUN	NOT RUN	NOT RUN	NOT RUN
tests/test_artifact_identity.py::test_fresh_process_publishers_have_one_permitted_outcome[False]	serial_core	p30b-owned-recovery	False	process startup;filesystem durability;sleep/poll timeout	Private journals/locks and owned children only; loopback ports allocated with port 0 where used. Timing assertion remains exclusive.	NOT RUN	PASSED	NOT RUN	NOT RUN	NOT RUN	PASSED	NOT RUN	NOT RUN	NOT RUN	NOT RUN	NOT RUN	NOT RUN	NOT RUN	PASSED	PASSED	PASSED	PASSED
tests/test_artifact_identity.py::test_fresh_process_publishers_have_one_permitted_outcome[True]	serial_core	p30b-owned-recovery	False	process startup;filesystem durability;sleep/poll timeout	Private journals/locks and owned children only; loopback ports allocated with port 0 where used. Timing assertion remains exclusive.	NOT RUN	PASSED	NOT RUN	NOT RUN	NOT RUN	PASSED	NOT RUN	NOT RUN	NOT RUN	NOT RUN	NOT RUN	NOT RUN	NOT RUN	PASSED	PASSED	PASSED	PASSED
tests/test_cleaning_scheduler_v2.py::test_dynamic_and_static_shard_manifests_exact	serial_core	p30b-process-pools	False	process startup;actual algorithm work;artifact generation	Bounded real process pools; private input/output paths; no shared pool. Group caps pool fan-out.	NOT RUN	PASSED	NOT RUN	NOT RUN	NOT RUN	PASSED	NOT RUN	NOT RUN	NOT RUN	NOT RUN	NOT RUN	NOT RUN	NOT RUN	NOT RUN	NOT RUN	NOT RUN	NOT RUN
tests/test_cleaning_throughput.py::test_cli_clean_legacy_and_sharded	serial_core	p30b-process-pools	False	process startup;actual algorithm work;artifact generation	Bounded real process pools; private input/output paths; no shared pool. Group caps pool fan-out.	NOT RUN	PASSED	NOT RUN	NOT RUN	NOT RUN	PASSED	NOT RUN	NOT RUN	NOT RUN	NOT RUN	NOT RUN	NOT RUN	NOT RUN	NOT RUN	NOT RUN	NOT RUN	NOT RUN
tests/test_cleaning_throughput.py::test_cli_clean_manifest_input_and_errors	serial_core	p30b-process-pools	False	process startup;actual algorithm work;artifact generation	Bounded real process pools; private input/output paths; no shared pool. Group caps pool fan-out.	NOT RUN	PASSED	NOT RUN	NOT RUN	NOT RUN	PASSED	NOT RUN	NOT RUN	NOT RUN	NOT RUN	NOT RUN	NOT RUN	NOT RUN	NOT RUN	NOT RUN	NOT RUN	NOT RUN
tests/test_cleaning_throughput.py::test_max_docs_matches_reference	serial_core	p30b-process-pools	False	process startup;actual algorithm work;artifact generation	Bounded real process pools; private input/output paths; no shared pool. Group caps pool fan-out.	NOT RUN	PASSED	NOT RUN	NOT RUN	NOT RUN	PASSED	NOT RUN	NOT RUN	NOT RUN	NOT RUN	NOT RUN	NOT RUN	NOT RUN	NOT RUN	NOT RUN	NOT RUN	NOT RUN
tests/test_cleaning_throughput.py::test_quarantine_ceiling_aborts_without_publication	serial_core	p30b-process-pools	False	process startup;actual algorithm work;artifact generation	Bounded real process pools; private input/output paths; no shared pool. Group caps pool fan-out.	NOT RUN	PASSED	NOT RUN	NOT RUN	NOT RUN	PASSED	NOT RUN	NOT RUN	NOT RUN	NOT RUN	NOT RUN	NOT RUN	NOT RUN	NOT RUN	NOT RUN	NOT RUN	NOT RUN
tests/test_cleaning_throughput.py::test_worker_failure_aborts_without_publication	serial_core	p30b-process-pools	False	process startup;actual algorithm work;artifact generation	Bounded real process pools; private input/output paths; no shared pool. Group caps pool fan-out.	NOT RUN	PASSED	NOT RUN	NOT RUN	NOT RUN	PASSED	NOT RUN	NOT RUN	NOT RUN	NOT RUN	NOT RUN	NOT RUN	NOT RUN	NOT RUN	NOT RUN	NOT RUN	NOT RUN
tests/test_cleaning_throughput.py::test_workers_1_2_4_agree	serial_core	p30b-process-pools	False	process startup;actual algorithm work;artifact generation	Bounded real process pools; private input/output paths; no shared pool. Group caps pool fan-out.	NOT RUN	PASSED	NOT RUN	NOT RUN	NOT RUN	PASSED	NOT RUN	NOT RUN	NOT RUN	NOT RUN	NOT RUN	NOT RUN	NOT RUN	PASSED	PASSED	PASSED	PASSED
tests/test_cli_eval_gen.py::test_cli_demo_complete_vertical_slice_subprocess	serial_core	p30b-cli-eval-gen	False	process startup;environment inventory/hash;training fixture;subprocess CLI	Private per-test output/home (demo uses TemporaryDirectory); subprocess boundaries retained; in-process monkeypatches are worker-local.	NOT RUN	PASSED	NOT RUN	NOT RUN	NOT RUN	PASSED	NOT RUN	NOT RUN	NOT RUN	NOT RUN	NOT RUN	NOT RUN	NOT RUN	NOT RUN	NOT RUN	NOT RUN	NOT RUN
tests/test_cli_eval_gen.py::test_cli_evaluate_and_generate_subprocess	serial_core	p30b-cli-eval-gen	False	process startup;environment inventory/hash;training fixture;subprocess CLI	Private per-test output/home (demo uses TemporaryDirectory); subprocess boundaries retained; in-process monkeypatches are worker-local.	NOT RUN	PASSED	NOT RUN	NOT RUN	NOT RUN	PASSED	NOT RUN	NOT RUN	NOT RUN	NOT RUN	NOT RUN	NOT RUN	NOT RUN	NOT RUN	NOT RUN	NOT RUN	NOT RUN
tests/test_cli_train_demo.py::test_cli_demo_subprocess	serial_core	p30b-cli-train-demo	False	process startup;environment inventory/hash;training fixture;subprocess CLI	Private per-test output/home (demo uses TemporaryDirectory); subprocess boundaries retained; in-process monkeypatches are worker-local.	NOT RUN	PASSED	NOT RUN	NOT RUN	NOT RUN	PASSED	NOT RUN	NOT RUN	NOT RUN	NOT RUN	NOT RUN	NOT RUN	NOT RUN	NOT RUN	NOT RUN	NOT RUN	NOT RUN
tests/test_cli_train_demo.py::test_cli_train_and_resume_subprocess	serial_core	p30b-cli-train-demo	False	process startup;environment inventory/hash;training fixture;subprocess CLI	Private per-test output/home (demo uses TemporaryDirectory); subprocess boundaries retained; in-process monkeypatches are worker-local.	NOT RUN	PASSED	NOT RUN	NOT RUN	NOT RUN	PASSED	NOT RUN	NOT RUN	NOT RUN	NOT RUN	NOT RUN	NOT RUN	NOT RUN	NOT RUN	NOT RUN	NOT RUN	NOT RUN
tests/test_configurable_training.py::test_public_cli_executes_registered_objective	serial_core	p30b-configurable-training	False	process startup;environment inventory/hash;training fixture;subprocess CLI	Private per-test output/home (demo uses TemporaryDirectory); subprocess boundaries retained; in-process monkeypatches are worker-local.	NOT RUN	PASSED	NOT RUN	NOT RUN	NOT RUN	PASSED	NOT RUN	NOT RUN	NOT RUN	NOT RUN	NOT RUN	NOT RUN	NOT RUN	NOT RUN	NOT RUN	NOT RUN	NOT RUN
tests/test_configurable_workflow.py::test_public_two_source_prepare_direct_queue_and_resume[False]	serial_heavy	p30b-two-source-baseline	False	environment inventory/hash;queue/campaign;training fixture;subprocess CLI;model/tokenizer construction;artifact generation	Private authored tree, plugins, source documents, preparation, direct/queue/resume homes; captured A and mutated B both private.	NOT RUN	PASSED	NOT RUN	NOT RUN	NOT RUN	NOT RUN	NOT RUN	NOT RUN	PASSED	NOT RUN	NOT RUN	NOT RUN	NOT RUN	NOT RUN	NOT RUN	NOT RUN	NOT RUN
tests/test_configurable_workflow.py::test_public_two_source_prepare_direct_queue_and_resume[True]	serial_heavy	p30b-two-source-auxiliary	False	environment inventory/hash;queue/campaign;training fixture;subprocess CLI;model/tokenizer construction;artifact generation	Private authored tree, plugins, source documents, preparation, direct/queue/resume homes; captured A and mutated B both private.	NOT RUN	PASSED	NOT RUN	NOT RUN	NOT RUN	NOT RUN	NOT RUN	NOT RUN	PASSED	NOT RUN	NOT RUN	NOT RUN	NOT RUN	PASSED	PASSED	PASSED	PASSED
tests/test_continuation_p05.py::test_cpu_fresh_process_continuation_parity	serial_core	p30b-continuation-p05	False	process startup;environment inventory/hash;training fixture;subprocess CLI	Private per-test output/home (demo uses TemporaryDirectory); subprocess boundaries retained; in-process monkeypatches are worker-local.	NOT RUN	PASSED	NOT RUN	NOT RUN	NOT RUN	PASSED	NOT RUN	NOT RUN	NOT RUN	NOT RUN	NOT RUN	NOT RUN	NOT RUN	NOT RUN	NOT RUN	NOT RUN	NOT RUN
tests/test_dedup_small_oracles.py::test_small_lexical_equivalence[workers-layouts]	serial_core	p30b-process-pools	False	process startup;actual algorithm work;artifact generation	Bounded real process pools; private input/output paths; no shared pool. Group caps pool fan-out.	NOT RUN	PASSED	NOT RUN	NOT RUN	NOT RUN	PASSED	NOT RUN	NOT RUN	NOT RUN	NOT RUN	NOT RUN	NOT RUN	NOT RUN	NOT RUN	NOT RUN	NOT RUN	NOT RUN
tests/test_dedup_throughput.py::test_cli_dedup_legacy_and_sharded	serial_core	p30b-process-pools	False	process startup;actual algorithm work;artifact generation	Bounded real process pools; private input/output paths; no shared pool. Group caps pool fan-out.	NOT RUN	PASSED	NOT RUN	NOT RUN	NOT RUN	PASSED	NOT RUN	NOT RUN	NOT RUN	NOT RUN	NOT RUN	NOT RUN	NOT RUN	NOT RUN	NOT RUN	NOT RUN	NOT RUN
tests/test_dedup_throughput.py::test_cli_dedup_manifest_input_and_errors	serial_core	p30b-process-pools	False	process startup;actual algorithm work;artifact generation	Bounded real process pools; private input/output paths; no shared pool. Group caps pool fan-out.	NOT RUN	PASSED	NOT RUN	NOT RUN	NOT RUN	PASSED	NOT RUN	NOT RUN	NOT RUN	NOT RUN	NOT RUN	NOT RUN	NOT RUN	NOT RUN	NOT RUN	NOT RUN	NOT RUN
tests/test_dedup_throughput.py::test_worker_failure_aborts_without_publication	serial_core	p30b-process-pools	False	process startup;actual algorithm work;artifact generation	Bounded real process pools; private input/output paths; no shared pool. Group caps pool fan-out.	NOT RUN	PASSED	NOT RUN	NOT RUN	NOT RUN	PASSED	NOT RUN	NOT RUN	NOT RUN	NOT RUN	NOT RUN	NOT RUN	NOT RUN	NOT RUN	NOT RUN	NOT RUN	NOT RUN
tests/test_final_acceptance.py::test_cli_resume_reconstructs_real_settings_and_exact_nonmultiple_budget	serial_heavy	p30b-final-acceptance	False	process startup;environment inventory/hash;training fixture;subprocess CLI	Private per-test output/home (demo uses TemporaryDirectory); subprocess boundaries retained; in-process monkeypatches are worker-local.	NOT RUN	PASSED	NOT RUN	NOT RUN	NOT RUN	NOT RUN	NOT RUN	NOT RUN	PASSED	NOT RUN	NOT RUN	NOT RUN	NOT RUN	NOT RUN	NOT RUN	NOT RUN	NOT RUN
tests/test_frozen_execution.py::test_actual_environment_mismatch_fails_in_real_worker	serial_core	p30b-frozen-admission	False	environment inventory/hash;frozen execution fixture;queue/campaign;training fixture;subprocess CLI	Private snapshot copies/queues/ledgers; monkeypatches confined to worker process and undone; actual environment/package tests bypass identity reuse. Keep all immutable frozen_seed consumers together; mutable copies remain private.	NOT RUN	PASSED	NOT RUN	NOT RUN	NOT RUN	PASSED	NOT RUN	NOT RUN	NOT RUN	NOT RUN	NOT RUN	NOT RUN	NOT RUN	PASSED	PASSED	PASSED	PASSED
tests/test_frozen_execution.py::test_authority_and_recomputed_envelope_fields_are_checked	serial_core	p30b-frozen-admission	False	environment inventory/hash;frozen execution fixture;queue/campaign;training fixture;subprocess CLI	Private snapshot copies/queues/ledgers; monkeypatches confined to worker process and undone; actual environment/package tests bypass identity reuse. Keep all immutable frozen_seed consumers together; mutable copies remain private.	NOT RUN	PASSED	NOT RUN	NOT RUN	NOT RUN	PASSED	NOT RUN	NOT RUN	NOT RUN	NOT RUN	NOT RUN	NOT RUN	NOT RUN	NOT RUN	NOT RUN	NOT RUN	NOT RUN
tests/test_frozen_execution.py::test_changed_tokenizer_and_real_shard_are_rejected	serial_core	p30b-frozen-admission	False	environment inventory/hash;frozen execution fixture;queue/campaign;training fixture;subprocess CLI	Private snapshot copies/queues/ledgers; monkeypatches confined to worker process and undone; actual environment/package tests bypass identity reuse. Keep all immutable frozen_seed consumers together; mutable copies remain private.	NOT RUN	PASSED	NOT RUN	NOT RUN	NOT RUN	PASSED	NOT RUN	NOT RUN	NOT RUN	NOT RUN	NOT RUN	NOT RUN	NOT RUN	NOT RUN	NOT RUN	NOT RUN	NOT RUN
tests/test_frozen_execution.py::test_frozen_seed_copies_are_private	serial_core	p30b-frozen-admission	False	environment inventory/hash;frozen execution fixture;queue/campaign;training fixture;subprocess CLI	Private snapshot copies/queues/ledgers; monkeypatches confined to worker process and undone; actual environment/package tests bypass identity reuse. Keep all immutable frozen_seed consumers together; mutable copies remain private.	NOT RUN	PASSED	NOT RUN	NOT RUN	NOT RUN	PASSED	NOT RUN	NOT RUN	NOT RUN	NOT RUN	NOT RUN	NOT RUN	NOT RUN	NOT RUN	NOT RUN	NOT RUN	NOT RUN
tests/test_frozen_execution.py::test_independent_persisted_bindings_refuse_before_worker	serial_core	p30b-frozen-admission	False	environment inventory/hash;frozen execution fixture;queue/campaign;training fixture;subprocess CLI	Private snapshot copies/queues/ledgers; monkeypatches confined to worker process and undone; actual environment/package tests bypass identity reuse. Keep all immutable frozen_seed consumers together; mutable copies remain private.	NOT RUN	PASSED	NOT RUN	NOT RUN	NOT RUN	PASSED	NOT RUN	NOT RUN	NOT RUN	NOT RUN	NOT RUN	NOT RUN	NOT RUN	NOT RUN	NOT RUN	NOT RUN	NOT RUN
tests/test_frozen_execution.py::test_intact_a_executes_after_live_b_and_import_override	serial_core	p30b-frozen-workers	False	environment inventory/hash;frozen execution fixture;queue/campaign;training fixture;subprocess CLI	Private snapshot copies/queues/ledgers; monkeypatches confined to worker process and undone; actual environment/package tests bypass identity reuse. Custom authored trainer captures are private and do not consume the shared seed.	NOT RUN	PASSED	NOT RUN	NOT RUN	NOT RUN	PASSED	NOT RUN	NOT RUN	NOT RUN	NOT RUN	NOT RUN	NOT RUN	NOT RUN	NOT RUN	NOT RUN	NOT RUN	NOT RUN
tests/test_frozen_execution.py::test_public_queue_and_diagnostic_receipt_keep_separate_provenance	serial_core	p30b-frozen-provenance	False	environment inventory/hash;frozen execution fixture;queue/campaign;training fixture;subprocess CLI	Private snapshot copies/queues/ledgers; monkeypatches confined to worker process and undone; actual environment/package tests bypass identity reuse. Independent real queue/diagnostic homes; no shared-seed dependency.	NOT RUN	PASSED	NOT RUN	NOT RUN	NOT RUN	PASSED	NOT RUN	NOT RUN	NOT RUN	NOT RUN	NOT RUN	NOT RUN	NOT RUN	NOT RUN	NOT RUN	NOT RUN	NOT RUN
tests/test_frozen_execution.py::test_real_frozen_worker_trains_and_publishes	serial_core	p30b-frozen-workers	False	environment inventory/hash;frozen execution fixture;queue/campaign;training fixture;subprocess CLI	Private snapshot copies/queues/ledgers; monkeypatches confined to worker process and undone; actual environment/package tests bypass identity reuse. Custom authored trainer captures are private and do not consume the shared seed.	NOT RUN	PASSED	NOT RUN	NOT RUN	NOT RUN	PASSED	NOT RUN	NOT RUN	NOT RUN	NOT RUN	NOT RUN	NOT RUN	NOT RUN	PASSED	PASSED	PASSED	PASSED
tests/test_frozen_execution.py::test_real_worker_output_bound_and_terminal_failure	serial_core	p30b-frozen-workers	False	environment inventory/hash;frozen execution fixture;queue/campaign;training fixture;subprocess CLI	Private snapshot copies/queues/ledgers; monkeypatches confined to worker process and undone; actual environment/package tests bypass identity reuse. Custom authored trainer captures are private and do not consume the shared seed.	NOT RUN	PASSED	NOT RUN	NOT RUN	NOT RUN	PASSED	NOT RUN	NOT RUN	NOT RUN	NOT RUN	NOT RUN	NOT RUN	NOT RUN	NOT RUN	NOT RUN	NOT RUN	NOT RUN
tests/test_frozen_execution.py::test_snapshot_damage_rejects_before_worker[extra]	serial_core	p30b-frozen-admission	False	environment inventory/hash;frozen execution fixture;queue/campaign;training fixture;subprocess CLI	Private snapshot copies/queues/ledgers; monkeypatches confined to worker process and undone; actual environment/package tests bypass identity reuse. Keep all immutable frozen_seed consumers together; mutable copies remain private.	NOT RUN	PASSED	NOT RUN	NOT RUN	NOT RUN	PASSED	NOT RUN	NOT RUN	NOT RUN	NOT RUN	NOT RUN	NOT RUN	NOT RUN	NOT RUN	NOT RUN	NOT RUN	NOT RUN
tests/test_frozen_execution.py::test_snapshot_damage_rejects_before_worker[missing]	serial_core	p30b-frozen-admission	False	environment inventory/hash;frozen execution fixture;queue/campaign;training fixture;subprocess CLI	Private snapshot copies/queues/ledgers; monkeypatches confined to worker process and undone; actual environment/package tests bypass identity reuse. Keep all immutable frozen_seed consumers together; mutable copies remain private.	NOT RUN	PASSED	NOT RUN	NOT RUN	NOT RUN	PASSED	NOT RUN	NOT RUN	NOT RUN	NOT RUN	NOT RUN	NOT RUN	NOT RUN	NOT RUN	NOT RUN	NOT RUN	NOT RUN
tests/test_frozen_execution.py::test_snapshot_damage_rejects_before_worker[tamper]	serial_core	p30b-frozen-admission	False	environment inventory/hash;frozen execution fixture;queue/campaign;training fixture;subprocess CLI	Private snapshot copies/queues/ledgers; monkeypatches confined to worker process and undone; actual environment/package tests bypass identity reuse. Keep all immutable frozen_seed consumers together; mutable copies remain private.	NOT RUN	PASSED	NOT RUN	NOT RUN	NOT RUN	PASSED	NOT RUN	NOT RUN	NOT RUN	NOT RUN	NOT RUN	NOT RUN	NOT RUN	NOT RUN	NOT RUN	NOT RUN	NOT RUN
tests/test_frozen_execution.py::test_worker_rejects_cli_override_outside_frozen_envelope	serial_core	p30b-frozen-admission	False	environment inventory/hash;frozen execution fixture;queue/campaign;training fixture;subprocess CLI	Private snapshot copies/queues/ledgers; monkeypatches confined to worker process and undone; actual environment/package tests bypass identity reuse. Keep all immutable frozen_seed consumers together; mutable copies remain private.	NOT RUN	PASSED	NOT RUN	NOT RUN	NOT RUN	PASSED	NOT RUN	NOT RUN	NOT RUN	NOT RUN	NOT RUN	NOT RUN	NOT RUN	NOT RUN	NOT RUN	NOT RUN	NOT RUN
tests/test_frozen_recovery.py::test_real_crash_preserves_committed_boundary_on_retry	serial_core	p30b-owned-recovery	False	process startup;filesystem durability;sleep/poll timeout	Private journals/locks and owned children only; loopback ports allocated with port 0 where used. Timing assertion remains exclusive.	NOT RUN	PASSED	NOT RUN	NOT RUN	NOT RUN	PASSED	NOT RUN	NOT RUN	NOT RUN	NOT RUN	NOT RUN	NOT RUN	NOT RUN	PASSED	PASSED	PASSED	PASSED
tests/test_offline_workflow.py::test_offline_workflow_from_clean_environment	serial_heavy	p30b-offline-workflow	False	environment inventory/hash;subprocess CLI;training fixture;artifact generation	Private explicit home and work/output tree; repository inputs read-only; fresh CLI processes retained.	NOT RUN	PASSED	NOT RUN	NOT RUN	NOT RUN	NOT RUN	NOT RUN	NOT RUN	PASSED	NOT RUN	NOT RUN	NOT RUN	NOT RUN	NOT RUN	NOT RUN	NOT RUN	NOT RUN
tests/test_offline_workflow.py::test_prepare_restart_reuses_verified_acquisition	serial_core	p30b-prepare-contracts	False	environment inventory/hash;subprocess CLI;training fixture;artifact generation	Private explicit home and work/output tree; repository inputs read-only; fresh CLI processes retained.	NOT RUN	PASSED	NOT RUN	NOT RUN	NOT RUN	PASSED	NOT RUN	NOT RUN	NOT RUN	NOT RUN	NOT RUN	NOT RUN	NOT RUN	NOT RUN	NOT RUN	NOT RUN	NOT RUN
tests/test_parallel_tokens.py::test_worker_count_and_assembly_bytes_exact	serial_core	p30b-process-pools	False	process startup;actual algorithm work;artifact generation	Bounded real process pools; private input/output paths; no shared pool. Group caps pool fan-out.	NOT RUN	PASSED	NOT RUN	NOT RUN	NOT RUN	PASSED	NOT RUN	NOT RUN	NOT RUN	NOT RUN	NOT RUN	NOT RUN	NOT RUN	NOT RUN	NOT RUN	NOT RUN	NOT RUN
tests/test_prepare.py::test_failed_stage_stops_with_reason_and_state	serial_core	p30b-prepare-contracts	False	subprocess CLI;artifact generation;actual algorithm work	Private home, output root, stage state and subprocess accounting; read-only authored source fixtures.	NOT RUN	PASSED	NOT RUN	NOT RUN	NOT RUN	PASSED	NOT RUN	NOT RUN	NOT RUN	NOT RUN	NOT RUN	NOT RUN	NOT RUN	NOT RUN	NOT RUN	NOT RUN	NOT RUN
tests/test_prepare.py::test_full_toy_run_reuses_on_repeat	serial_heavy	p30b-prepare-contracts	False	subprocess CLI;artifact generation;actual algorithm work	Private home, output root, stage state and subprocess accounting; read-only authored source fixtures.	NOT RUN	FAILED	NOT RUN	NOT RUN	NOT RUN	NOT RUN	NOT RUN	NOT RUN	FAILED	NOT RUN	NOT RUN	NOT RUN	NOT RUN	NOT RUN	NOT RUN	NOT RUN	NOT RUN
tests/test_prepare.py::test_partial_outputs_resume_without_redo	serial_heavy	p30b-prepare-contracts	False	subprocess CLI;artifact generation;actual algorithm work	Private home, output root, stage state and subprocess accounting; read-only authored source fixtures.	NOT RUN	FAILED	NOT RUN	NOT RUN	NOT RUN	NOT RUN	NOT RUN	NOT RUN	FAILED	NOT RUN	NOT RUN	NOT RUN	NOT RUN	NOT RUN	NOT RUN	NOT RUN	NOT RUN
tests/test_prepare_bounds.py::test_child_output_accounting_covers_write_orders[import os; [(os.write(1,b'A'*512), os.write(2,b'B'*512)) for _ in range(16)]]	serial_core	p30b-owned-recovery	False	process startup;filesystem durability;sleep/poll timeout	Private journals/locks and owned children only; loopback ports allocated with port 0 where used. Timing assertion remains exclusive.	NOT RUN	PASSED	NOT RUN	NOT RUN	NOT RUN	PASSED	NOT RUN	NOT RUN	NOT RUN	NOT RUN	NOT RUN	NOT RUN	NOT RUN	NOT RUN	NOT RUN	NOT RUN	NOT RUN
tests/test_prepare_bounds.py::test_child_output_accounting_covers_write_orders[import os; os.write(1,b'A'*8192); os.write(2,b'B'*8192)]	serial_core	p30b-owned-recovery	False	process startup;filesystem durability;sleep/poll timeout	Private journals/locks and owned children only; loopback ports allocated with port 0 where used. Timing assertion remains exclusive.	NOT RUN	PASSED	NOT RUN	NOT RUN	NOT RUN	PASSED	NOT RUN	NOT RUN	NOT RUN	NOT RUN	NOT RUN	NOT RUN	NOT RUN	NOT RUN	NOT RUN	NOT RUN	NOT RUN
tests/test_prepare_bounds.py::test_child_output_accounting_covers_write_orders[import os; os.write(1,b'A'*8192)]	serial_core	p30b-owned-recovery	False	process startup;filesystem durability;sleep/poll timeout	Private journals/locks and owned children only; loopback ports allocated with port 0 where used. Timing assertion remains exclusive.	NOT RUN	PASSED	NOT RUN	NOT RUN	NOT RUN	PASSED	NOT RUN	NOT RUN	NOT RUN	NOT RUN	NOT RUN	NOT RUN	NOT RUN	NOT RUN	NOT RUN	NOT RUN	NOT RUN
tests/test_prepare_bounds.py::test_child_output_accounting_covers_write_orders[import os; os.write(2,b'B'*8192); os.write(1,b'A'*8192)]	serial_core	p30b-owned-recovery	False	process startup;filesystem durability;sleep/poll timeout	Private journals/locks and owned children only; loopback ports allocated with port 0 where used. Timing assertion remains exclusive.	NOT RUN	PASSED	NOT RUN	NOT RUN	NOT RUN	PASSED	NOT RUN	NOT RUN	NOT RUN	NOT RUN	NOT RUN	NOT RUN	NOT RUN	NOT RUN	NOT RUN	NOT RUN	NOT RUN
tests/test_prepare_bounds.py::test_child_output_categorizes_every_returned_byte_under_tiny_allowance	serial_core	p30b-owned-recovery	False	process startup;filesystem durability;sleep/poll timeout	Private journals/locks and owned children only; loopback ports allocated with port 0 where used. Timing assertion remains exclusive.	NOT RUN	PASSED	NOT RUN	NOT RUN	NOT RUN	PASSED	NOT RUN	NOT RUN	NOT RUN	NOT RUN	NOT RUN	NOT RUN	NOT RUN	NOT RUN	NOT RUN	NOT RUN	NOT RUN
tests/test_prepare_bounds.py::test_child_output_tiny_allowance_over_real_pipes	serial_core	p30b-owned-recovery	False	process startup;filesystem durability;sleep/poll timeout	Private journals/locks and owned children only; loopback ports allocated with port 0 where used. Timing assertion remains exclusive.	NOT RUN	PASSED	NOT RUN	NOT RUN	NOT RUN	PASSED	NOT RUN	NOT RUN	NOT RUN	NOT RUN	NOT RUN	NOT RUN	NOT RUN	NOT RUN	NOT RUN	NOT RUN	NOT RUN
tests/test_prepare_bounds.py::test_child_stdout_and_stderr_are_bounded_and_accounted	serial_core	p30b-owned-recovery	False	process startup;filesystem durability;sleep/poll timeout	Private journals/locks and owned children only; loopback ports allocated with port 0 where used. Timing assertion remains exclusive.	NOT RUN	PASSED	NOT RUN	NOT RUN	NOT RUN	PASSED	NOT RUN	NOT RUN	NOT RUN	NOT RUN	NOT RUN	NOT RUN	NOT RUN	NOT RUN	NOT RUN	NOT RUN	NOT RUN
tests/test_prepare_bounds.py::test_timed_out_child_and_descendant_are_stopped	serial_core	p30b-owned-recovery	True	process startup;filesystem durability;sleep/poll timeout	Private journals/locks and owned children only; loopback ports allocated with port 0 where used. Timing assertion remains exclusive.	NOT RUN	PASSED	NOT RUN	NOT RUN	NOT RUN	NOT RUN	PASSED	NOT RUN	NOT RUN	NOT RUN	NOT RUN	NOT RUN	NOT RUN	NOT RUN	NOT RUN	NOT RUN	NOT RUN
tests/test_queue.py::test_cancel_stops_a_queued_job_and_a_running_job	serial_core	p30b-queue-contracts	False	environment inventory/hash;frozen execution fixture;queue/campaign;training fixture	Private tree/home/SQLite/lease files per test; real worker processes and cancellation thread are owned and joined.	NOT RUN	PASSED	NOT RUN	NOT RUN	NOT RUN	PASSED	NOT RUN	NOT RUN	NOT RUN	NOT RUN	NOT RUN	NOT RUN	NOT RUN	PASSED	PASSED	PASSED	PASSED
tests/test_queue.py::test_changed_live_tree_preserves_frozen_run	serial_core	p30b-queue-contracts	False	environment inventory/hash;frozen execution fixture;queue/campaign;training fixture	Private tree/home/SQLite/lease files per test; real worker processes and cancellation thread are owned and joined.	NOT RUN	PASSED	NOT RUN	NOT RUN	NOT RUN	PASSED	NOT RUN	NOT RUN	NOT RUN	NOT RUN	NOT RUN	NOT RUN	NOT RUN	NOT RUN	NOT RUN	NOT RUN	NOT RUN
tests/test_queue.py::test_cpu_environment_refuses_cuda_job_without_execution	serial_core	p30b-queue-contracts	False	environment inventory/hash;frozen execution fixture;queue/campaign;training fixture	Private tree/home/SQLite/lease files per test; real worker processes and cancellation thread are owned and joined.	NOT RUN	PASSED	NOT RUN	NOT RUN	NOT RUN	PASSED	NOT RUN	NOT RUN	NOT RUN	NOT RUN	NOT RUN	NOT RUN	NOT RUN	NOT RUN	NOT RUN	NOT RUN	NOT RUN
tests/test_queue.py::test_crash_recovery_requeues_once_when_retries_remain	serial_core	p30b-queue-contracts	False	environment inventory/hash;frozen execution fixture;queue/campaign;training fixture	Private tree/home/SQLite/lease files per test; real worker processes and cancellation thread are owned and joined.	NOT RUN	PASSED	NOT RUN	NOT RUN	NOT RUN	PASSED	NOT RUN	NOT RUN	NOT RUN	NOT RUN	NOT RUN	NOT RUN	NOT RUN	NOT RUN	NOT RUN	NOT RUN	NOT RUN
tests/test_queue.py::test_crash_without_retries_fails_loudly	serial_core	p30b-queue-contracts	False	environment inventory/hash;frozen execution fixture;queue/campaign;training fixture	Private tree/home/SQLite/lease files per test; real worker processes and cancellation thread are owned and joined.	NOT RUN	PASSED	NOT RUN	NOT RUN	NOT RUN	PASSED	NOT RUN	NOT RUN	NOT RUN	NOT RUN	NOT RUN	NOT RUN	NOT RUN	NOT RUN	NOT RUN	NOT RUN	NOT RUN
tests/test_queue.py::test_failed_jobs_keep_evidence_and_stay_terminal	serial_core	p30b-queue-contracts	False	environment inventory/hash;frozen execution fixture;queue/campaign;training fixture	Private tree/home/SQLite/lease files per test; real worker processes and cancellation thread are owned and joined.	NOT RUN	PASSED	NOT RUN	NOT RUN	NOT RUN	PASSED	NOT RUN	NOT RUN	NOT RUN	NOT RUN	NOT RUN	NOT RUN	NOT RUN	NOT RUN	NOT RUN	NOT RUN	NOT RUN
tests/test_queue.py::test_status_lists_jobs_with_attempts	serial_core	p30b-queue-contracts	False	environment inventory/hash;frozen execution fixture;queue/campaign;training fixture	Private tree/home/SQLite/lease files per test; real worker processes and cancellation thread are owned and joined.	NOT RUN	PASSED	NOT RUN	NOT RUN	NOT RUN	PASSED	NOT RUN	NOT RUN	NOT RUN	NOT RUN	NOT RUN	NOT RUN	NOT RUN	NOT RUN	NOT RUN	NOT RUN	NOT RUN
tests/test_queue.py::test_submit_allows_explicit_duplicates	serial_core	p30b-queue-contracts	False	environment inventory/hash;frozen execution fixture;queue/campaign;training fixture	Private tree/home/SQLite/lease files per test; real worker processes and cancellation thread are owned and joined.	NOT RUN	PASSED	NOT RUN	NOT RUN	NOT RUN	PASSED	NOT RUN	NOT RUN	NOT RUN	NOT RUN	NOT RUN	NOT RUN	NOT RUN	NOT RUN	NOT RUN	NOT RUN	NOT RUN
tests/test_queue.py::test_submit_deduplicates_identical_plans	serial_core	p30b-queue-contracts	False	environment inventory/hash;frozen execution fixture;queue/campaign;training fixture	Private tree/home/SQLite/lease files per test; real worker processes and cancellation thread are owned and joined.	NOT RUN	PASSED	ERROR	PASSED	NOT RUN	PASSED	NOT RUN	NOT RUN	NOT RUN	NOT RUN	NOT RUN	PASSED	NOT RUN	NOT RUN	NOT RUN	NOT RUN	NOT RUN
tests/test_queue.py::test_submit_refuses_blocked_plans_and_missing_snapshots	serial_core	p30b-queue-contracts	False	environment inventory/hash;frozen execution fixture;queue/campaign;training fixture	Private tree/home/SQLite/lease files per test; real worker processes and cancellation thread are owned and joined.	NOT RUN	PASSED	ERROR	PASSED	NOT RUN	PASSED	NOT RUN	NOT RUN	NOT RUN	NOT RUN	NOT RUN	NOT RUN	NOT RUN	NOT RUN	NOT RUN	NOT RUN	NOT RUN
tests/test_queue.py::test_toy_campaign_runs_sequentially_to_success	serial_heavy	p30b-queue-campaign	False	environment inventory/hash;frozen execution fixture;queue/campaign;training fixture	Private tree/home/SQLite/lease files per test; real worker processes and cancellation thread are owned and joined.	NOT RUN	PASSED	NOT RUN	NOT RUN	PASSED	NOT RUN	NOT RUN	NOT RUN	FAILED	NOT RUN	NOT RUN	NOT RUN	NOT RUN	NOT RUN	NOT RUN	NOT RUN	NOT RUN
tests/test_reports.py::test_cli_runs_list_empty_and_populated	serial_core	p30b-queue-contracts	False	environment inventory/hash;frozen execution fixture;queue/campaign;training fixture	Private tree/home/SQLite/lease files per test; real worker processes and cancellation thread are owned and joined.	NOT RUN	PASSED	ERROR	PASSED	NOT RUN	PASSED	NOT RUN	NOT RUN	NOT RUN	NOT RUN	NOT RUN	NOT RUN	NOT RUN	NOT RUN	NOT RUN	NOT RUN	NOT RUN
tests/test_sharded_datasets.py::test_corrupt_shard_blocks_manifest	serial_core	p30b-owned-recovery	False	process startup;filesystem durability;sleep/poll timeout	Private journals/locks and owned children only; loopback ports allocated with port 0 where used. Timing assertion remains exclusive.	NOT RUN	PASSED	NOT RUN	NOT RUN	NOT RUN	PASSED	NOT RUN	NOT RUN	NOT RUN	NOT RUN	NOT RUN	NOT RUN	NOT RUN	NOT RUN	NOT RUN	NOT RUN	NOT RUN
tests/test_sharded_datasets.py::test_crash_after_rolls_before_manifest_rerun_identical	serial_core	p30b-owned-recovery	False	process startup;filesystem durability;sleep/poll timeout	Private journals/locks and owned children only; loopback ports allocated with port 0 where used. Timing assertion remains exclusive.	NOT RUN	PASSED	NOT RUN	NOT RUN	NOT RUN	PASSED	NOT RUN	NOT RUN	NOT RUN	NOT RUN	NOT RUN	NOT RUN	NOT RUN	NOT RUN	NOT RUN	NOT RUN	NOT RUN
tests/test_sharded_datasets.py::test_crash_mid_shard_leaves_no_manifest	serial_core	p30b-owned-recovery	False	process startup;filesystem durability;sleep/poll timeout	Private journals/locks and owned children only; loopback ports allocated with port 0 where used. Timing assertion remains exclusive.	NOT RUN	PASSED	NOT RUN	NOT RUN	NOT RUN	PASSED	NOT RUN	NOT RUN	NOT RUN	NOT RUN	NOT RUN	NOT RUN	NOT RUN	NOT RUN	NOT RUN	NOT RUN	NOT RUN
